categorie;titre;auteur;description;url
Coran et sa sagesse;Al-Baqarah (La Vache);rachid afassi;Sourate Al-Baqarah (La Vache) ;https://www.youtube.com/watch?v=ieHCmmiYKIQ
Coran et sa sagesse;Maryam (Marie);rachid afassi;Maryam (Marie);https://www.youtube.com/watch?v=zndYpTZWhFc
Coran et sa sagesse;Al-Waqi'ah ;rachid afassi;Al-Waqi'ah;https://www.youtube.com/watch?v=NDE6iXOK7_Q
Coran et sa sagesse;Al-A'la (Le TrËs-Haut);rachid afassi;Al-A'la (Le TrËs-Haut);https://www.youtube.com/watch?v=67gs-vCBaYI
Coran et sa sagesse;Al-An'am (Les Bestiaux);rachid afassi;Al-An'am (Les Bestiaux);https://www.youtube.com/watch?v=dzk4DiRWSDM
developpement de soi avec la sonnat;comment le prophete changer les habitudes des gens;M2M;comment le prophete changer les habitudes des gens;https://www.youtube.com/watch?v=NjfJUe2aNh8
histoires des prophetes;1;Ahmed_Said;2;https://www.youtube.com/watch?v=EtD-FQxEI7k
histoires des prophetes;1;Ahmed_Said;2;https://www.youtube.com/watch?v=MGVn4xAnZes
histoires des prophetes;1;Ahmed_Said;2;https://www.youtube.com/watch?v=UdXedhTUXdI
histoires des prophetes;la trahison de noe;Ahmed_Said;2;https://www.youtube.com/watch?v=9LmfPdTVT5M
Coran et sa sagesse;Les 25 prophËtes cit√©s dans le Coran;Rappel Sunnah;Une vid√©o d√©taillant les 25 prophËtes mentionn√©s dans le Coran.;https://www.youtube.com/watch?v=gpSDqs72Jhc
histoires des prophetes;L'histoire des prophËtes en fran√ßais VF;Voix Offor Islam;Une s√©rie de vid√©os racontant les histoires des prophËtes en version fran√ßaise.;https://www.youtube.com/playlist?list=PL-e5Br4IS57t2mmiiQiWM3A2tF33Vnkox
histoires des prophetes;Histoire de l'islam - De la mort du ProphËte aux Omeyyades;Bibliodin;Une vid√©o explorant l'histoire de l'Islam aprËs la mort du ProphËte jusqu'√† l'√©poque des Omeyyades.;https://www.youtube.com/watch?v=H6ztUiN-7HY
histoires des prophetes;CHRONOLOGIE DES PROPH√àTES [ ISLAM ];Yacine;Une vid√©o pr√©sentant la chronologie des prophËtes dans l'Islam.;https://www.youtube.com/watch?v=Ew0Xi9yjNnI
histoires des prophetes;Histoire des prophËtes;Divers auteurs;Une playlist regroupant plusieurs vid√©os sur les histoires des prophËtes.;https://www.youtube.com/playlist?list=PLIbXUgua0fPRxYQfzJDMTDjaDgnORjD7M
Coran et sa sagesse;Une histoire du Coran;Franck Ferrand;Exploration de l'histoire du Coran et de son impact.;https://www.youtube.com/watch?v=-UtGLFSIZQg
histoires des prophetes;La Sirah du ProphËte Muhammad(S): Le Trait√© de Hudaybiyya - EP 67;Yasir Qadhi;Une vid√©o d√©taillant le Trait√© de Hudaybiyya dans la vie du ProphËte Muhammad.;https://www.youtube.com/watch?v=Mng64OJsviE
histoires des prophetes;27 prophËtes et leur ordre chronologique;Auteur inconnu;Pr√©sentation des 27 prophËtes et de leur ordre chronologique.;https://www.youtube.com/watch?v=qsRp1QQ3fTM
histoires des prophetes;Les Histoires des prophËtes : Histoire d'Adam (partie 1);Auteur inconnu;Une vid√©o racontant l'histoire du prophËte Adam.;https://www.youtube.com/watch?v=INJzmgj31TE
Coran et sa sagesse;20 MIRACLES DANS LE CORAN;Rappel Sunnah;Une vid√©o pr√©sentant 20 miracles mentionn√©s dans le Coran.;https://www.youtube.com/watch?v=gpSDqs72Jhc
